Plane	1	diff	DiffObj	HawkerSiddeley125_3.jpg	PiperCherokeeSix_3.jpgPlane	2	same	DiffImage	airbus_1.jpg	airbus_2.jpgPlane	3	same	DiffImage	PittsSpecial_2.jpg	PittsSpecial_1.jpgPlane	4	diff	DiffObj	FordTriMotor_2.jpg	FairchildFC2_2.jpgPlane	5	diff	DiffObj	StearmanPT13_2.jpg	B24Liberator_3.jpgPlane	6	same	SameImage	C141Starlifter_3a.jpg	C141Starlifter_3b.jpgPlane	7	same	SameImage	airbus_2a.jpg	airbus_2b.jpgPlane	8	same	DiffImage	md11_1.jpg	md11_2.jpgPlane	9	diff	DiffObj	HawkerBeechcraftPremierI_1.jpg	P38Lightning_2.jpgPlane	10	same	DiffImage	DA40DiamondStar_1.jpg	DA40DiamondStar_2.jpgPlane	11	same	SameImage	BAEHarrier_2a.jpg	BAEHarrier_2b.jpgPlane	12	same	DiffImage	BoeingC17Globemsater_1.jpg	BoeingC17Globemsater_2.jpgPlane	13	same	DiffImage	Falcon50_3.jpg	Falcon50_2.jpgPlane	14	diff	DiffObj	CurtisP6E_2.jpg	StearmanPT13_3.jpgPlane	15	diff	DiffObj	Cessna195_1.jpg	F15_2.jpgPlane	16	same	SameImage	787_3a.jpg	787_3b.jpgPlane	17	diff	DiffObj	AeroncaL3B_1.jpg	717_2.jpgPlane	18	same	DiffImage	PiperMalibu_1.jpg	PiperMalibu_3.jpgPlane	19	diff	DiffObj	FordTriMotor_2.jpg	FairchildFC2_2.jpgPlane	20	diff	DiffObj	MiG21_2.jpg	BellX1_1.jpgPlane	21	same	DiffImage	P180Avanti_2.jpg	P180Avanti_1.jpgPlane	22	same	SameImage	Cessna310_1a.jpg	Cessna310_1b.jpgPlane	23	diff	DiffObj	F15_1.jpg	757_2.jpgPlane	24	same	SameImage	Cessna310_1a.jpg	Cessna310_1b.jpgPlane	25	same	DiffImage	CessnaMustang_1.jpg	CessnaMustang_2.jpgPlane	26	same	DiffImage	Taylorcraft_3.jpg	Taylorcraft_1.jpgPlane	27	same	DiffImage	StearmanPT13_3.jpg	StearmanPT13_2.jpgPlane	28	diff	DiffObj	Fairchild22_1.jpg	MiG21_2.jpgPlane	29	diff	DiffObj	CACBoomerang_1.jpg	767_2.jpgPlane	30	same	SameImage	CACBoomerang_1a.jpg	CACBoomerang_1b.jpgPlane	31	same	DiffImage	NakajimaKi43_1.jpg	NakajimaKi43_2.jpgPlane	32	same	DiffImage	LavochkinLa9_1.jpg	LavochkinLa9_2.jpgPlane	33	diff	DiffObj	CanadairCRJ_2.jpg	CurtisP6E_2.jpgPlane	34	same	DiffImage	757_1.jpg	757_2.jpgPlane	35	same	SameImage	BellX1_1a.jpg	BellX1_1b.jpgPlane	36	diff	DiffObj	CanadairCRJ_3.jpg	PilatusPC12_2.jpgPlane	37	diff	DiffObj	DA40DiamondStar_1.jpg	T6Texan_4.jpgPlane	38	diff	DiffObj	C141Starlifter_1.jpg	787_2.jpgPlane	39	same	SameImage	Cessna208Caravan_1a.jpg	Cessna208Caravan_1b.jpgPlane	40	diff	DiffObj	EmbraerPhenom100_1.jpg	X35JointStrikeFighter_2.jpgPlane	41	same	DiffImage	787_3.jpg	787_2.jpgPlane	42	same	SameImage	CessnaCardinal_2a.jpg	CessnaCardinal_2b.jpgPlane	43	same	DiffImage	LockheedU2_1.jpg	LockheedU2_2.jpgPlane	44	diff	DiffObj	727_2.jpg	airbus_1.jpgPlane	45	same	DiffImage	TBM700_1.jpg	TBM700_2.jpgPlane	46	diff	DiffObj	737_1.jpg	BeechBaron_2.jpgPlane	47	same	SameImage	Falcon50_2a.jpg	Falcon50_2b.jpgPlane	48	same	SameImage	PilatusPC12_1a.jpg	PilatusPC12_1b.jpgPlane	49	diff	DiffObj	Gulfstream1_2.jpg	NakajimaKi43_2.jpgPlane	50	same	SameImage	Eclipse500_4a.jpg	Eclipse500_4b.jpgPlane	51	same	SameImage	DHC2Beaver_3a.jpg	DHC2Beaver_3b.jpgPlane	52	same	DiffImage	X35JointStrikeFighter_1.jpg	X35JointStrikeFighter_2.jpgPlane	53	diff	DiffObj	StearmanPT13_2.jpg	Fairchild22_1.jpgPlane	54	same	SameImage	LockheedU2_1a.jpg	LockheedU2_1b.jpgPlane	55	same	DiffImage	DHC2Beaver_3.jpg	DHC2Beaver_2.jpgPlane	56	same	SameImage	DHC2Beaver_3a.jpg	DHC2Beaver_3b.jpgPlane	57	diff	DiffObj	DHC2Beaver_2.jpg	Gulfstream1_2.jpgPlane	58	same	DiffImage	BeechBaron_1.jpg	BeechBaron_2.jpgPlane	59	same	SameImage	737_1a.jpg	737_1b.jpgPlane	60	same	SameImage	717_1a.jpg	717_1b.jpgPlane	61	same	DiffImage	PiperCherokeeSix_3.jpg	PiperCherokeeSix_4.jpgPlane	62	diff	DiffObj	F22Raptor_2.jpg	NakajimaKi43_2.jpgPlane	63	diff	DiffObj	CessnaMustang_1.jpg	Extra300_2.jpgPlane	64	same	DiffImage	StearmanPT13_3.jpg	StearmanPT13_2.jpgPlane	65	diff	DiffObj	LockheedConstellation_2.jpg	B24Liberator_4.jpgPlane	66	same	DiffImage	CessnaCardinal_1.jpg	CessnaCardinal_2.jpgPlane	67	diff	DiffObj	Cessna208Caravan_1.jpg	DassaultFalcon7X_2.jpgPlane	68	diff	DiffObj	BAEHarrier_1.jpg	BoeingC17Globemsater_2.jpgPlane	69	diff	DiffObj	BellX1_2.jpg	Saab29_1.jpgPlane	70	same	DiffImage	EmbraerPhenom100_1.jpg	EmbraerPhenom100_2.jpgPlane	71	diff	DiffObj	787_2.jpg	ChengduJ10_2.jpgPlane	72	same	SameImage	AeroncaChamp_2a.jpg	AeroncaChamp_2a.jpgPlane	73	diff	DiffObj	BeechBaron_1.jpg	Falcon50_3.jpgPlane	74	diff	DiffObj	757_2.jpg	727_1.jpgPlane	75	same	SameImage	BeechcraftStarship_1a.jpg	BeechcraftStarship_1b.jpgPlane	76	diff	DiffObj	P38Lightning_1.jpg	F16_1.jpgPlane	77	same	DiffImage	P38Lightning_2.jpg	P38Lightning_1.jpgPlane	78	diff	DiffObj	Extra300_1.jpg	md11_2.jpgPlane	79	same	SameImage	T6Texan_1a.jpg	T6Texan_1b.jpgPlane	80	diff	DiffObj	F22Raptor_3.jpg	MiG21_2.jpgPlane	81	same	SameImage	FairchildFC2_2a.jpg	FairchildFC2_2b.jpgPlane	82	diff	DiffObj	Cessna310_1.jpg	TBM700_1.jpgPlane	83	same	SameImage	X35JointStrikeFighter_1a.jpg	X35JointStrikeFighter_1b.jpgPlane	84	same	SameImage	727_1a.jpg	727_1b.jpgPlane	85	same	SameImage	FordTriMotor_3a.jpg	FordTriMotor_3b.jpgPlane	86	diff	DiffObj	HawkerSiddeley125_3.jpg	AV8BHarrier_1.jpgPlane	87	diff	DiffObj	RearwinSportster_2.jpg	FordTriMotor_3.jpgPlane	88	diff	DiffObj	CessnaCardinal_2.jpg	DHC2Beaver_3.jpgPlane	89	diff	DiffObj	BoeingB17_2.jpg	CanadairCRJ_2.jpgPlane	90	diff	DiffObj	Ercoupe_1.jpg	727_2.jpgPlane	91	same	SameImage	Saab29_1a.jpg	Saab29_1b.jpgPlane	92	diff	DiffObj	ChengduJ10_2.jpg	F22Raptor_3.jpgPlane	93	same	DiffImage	BombardierChallenger_1.jpg	BombardierChallenger_3.jpgPlane	94	same	SameImage	VariEze_3a.jpg	VariEze_3b.jpgPlane	95	diff	DiffObj	DA40DiamondStar_2.jpg	RV3_2.jpgPlane	96	same	DiffImage	SeverskyP35_1.jpg	SeverskyP35_2.jpgPlane	97	same	SameImage	SeverskyP35_1a.jpg	SeverskyP35_1b.jpgPlane	98	diff	DiffObj	Cessna185_1.jpg	CitationX_1.jpgPlane	99	same	SameImage	BoeingB17_3a.jpg	BoeingB17_3b.jpgPlane	100	same	DiffImage	BellX1_1.jpg	BellX1_2.jpgPlane	101	diff	DiffObj	Cessna195_2.jpg	Taylorcraft_1.jpgPlane	102	diff	DiffObj	CanadairCRJ_2.jpg	C141Starlifter_1.jpgPlane	103	same	DiffImage	Ercoupe_2.jpg	Ercoupe_1.jpgPlane	104	same	SameImage	CessnaMustang_1a.jpg	CessnaMustang_1b.jpgPlane	105	diff	DiffObj	BombardierChallenger_1.jpg	CessnaCardinal_2.jpgPlane	106	same	DiffImage	F16_1.jpg	F16_2.jpgPlane	107	diff	DiffObj	787_3.jpg	Ercoupe_2.jpgPlane	108	same	SameImage	BeechBaron_3a.jpg	BeechBaron_3b.jpgPlane	109	diff	DiffObj	LockheedU2_2.jpg	BoeingB17_3.jpgPlane	110	diff	DiffObj	MikoyanMiG29_1.jpg	PiperMalibu_3.jpgPlane	111	diff	DiffObj	747_1.jpg	BellX1_2.jpgPlane	112	diff	DiffObj	Taylorcraft_3.jpg	Cessna185_3.jpgPlane	113	same	SameImage	Ercoupe_2a.jpg	Ercoupe_2b.jpgPlane	114	diff	DiffObj	airbus_1.jpg	AeroncaL3B_2.jpgPlane	115	diff	DiffObj	FordTriMotor_2.jpg	MitsubishiZero_2.jpgPlane	116	diff	DiffObj	Eclipse500_2.jpg	LavochkinLa9_2.jpgPlane	117	same	DiffImage	Cessna195_1.jpg	Cessna195_2.jpgPlane	118	diff	DiffObj	BeechcraftStarship_1.jpg	HawkerSiddeley125_3.jpgPlane	119	diff	DiffObj	ChengduJ10_1.jpg	EmbraerPhenom100_2.jpgPlane	120	same	DiffImage	CACBoomerang_1.jpg	CACBoomerang_2.jpgPlane	121	same	SameImage	DA40DiamondStar_3a.jpg	DA40DiamondStar_3b.jpgPlane	122	same	SameImage	Cessna195_1a.jpg	Cessna195_1b.jpgPlane	123	same	DiffImage	CessnaCardinal_2.jpg	CessnaCardinal_1.jpgPlane	124	diff	DiffObj	Saab29_2.jpg	NakajimaKi43_1.jpgPlane	125	diff	DiffObj	C5Galaxy_2.jpg	737_1.jpgPlane	126	same	DiffImage	C5Galaxy_1.jpg	C5Galaxy_2.jpgPlane	127	same	SameImage	StearmanPT13_3a.jpg	StearmanPT13_3b.jpgPlane	128	diff	DiffObj	md11_2.jpg	BoeingC17Globemsater_1.jpgPlane	129	diff	DiffObj	SU47_1.jpg	Extra300_2.jpgPlane	130	same	DiffImage	747_1.jpg	747_2.jpgPlane	131	same	SameImage	AV8BHarrier_1a.jpg	AV8BHarrier_1b.jpgPlane	132	same	DiffImage	CessnaMustang_2.jpg	CessnaMustang_1.jpgPlane	133	same	DiffImage	SU47_1.jpg	SU47_4.jpgPlane	134	same	SameImage	BoeingC17Globemsater_2a.jpg	BoeingC17Globemsater_2b.jpgPlane	135	diff	DiffObj	MitsubishiZero_1.jpg	ChengduJ10_1.jpgPlane	136	diff	DiffObj	BellX1_1.jpg	CACBoomerang_2.jpgPlane	137	diff	DiffObj	CessnaMustang_1.jpg	RV3_2.jpgPlane	138	diff	DiffObj	PittsSpecial_1.jpg	TBM700_2.jpgPlane	139	same	DiffImage	AV8BHarrier_1.jpg	AV8BHarrier_2.jpgPlane	140	diff	DiffObj	707_1.jpg	AeroncaChamp_2.jpgPlane	141	diff	DiffObj	Ercoupe_2.jpg	Cessna195_1.jpgPlane	142	same	SameImage	C5Galaxy_1a.jpg	C5Galaxy_1b.jpgPlane	143	diff	DiffObj	airbus_2.jpg	md11_1.jpgPlane	144	same	SameImage	Cessna185_1a.jpg	Cessna185_1b.jpgPlane	145	same	DiffImage	RV3_1.jpg	RV3_2.jpgPlane	146	diff	DiffObj	707_1.jpg	EmbraerPhenom100_2.jpgPlane	147	diff	DiffObj	BoeingB17_2.jpg	LockheedU2_2.jpgPlane	148	same	SameImage	787_3a.jpg	787_3b.jpgPlane	149	same	DiffImage	B24Liberator_3.jpg	B24Liberator_4.jpgPlane	150	diff	DiffObj	777_1.jpg	Cessna195_2.jpgPlane	151	same	DiffImage	Ercoupe_1.jpg	Ercoupe_2.jpgPlane	152	same	SameImage	Eclipse500_4a.jpg	Eclipse500_4b.jpgPlane	153	diff	DiffObj	Saab29_1.jpg	707_2.jpgPlane	154	diff	DiffObj	Eclipse500_4.jpg	Cessna310_1.jpgPlane	155	diff	DiffObj	X35JointStrikeFighter_2.jpg	F16_1.jpgPlane	156	same	SameImage	767_1a.jpg	767_1b.jpgPlane	157	same	DiffImage	PiperCherokeeSix_3.jpg	PiperCherokeeSix_4.jpgPlane	158	same	DiffImage	FordTriMotor_3.jpg	FordTriMotor_2.jpgPlane	159	diff	DiffObj	PilatusPC12_1.jpg	SeverskyP35_2.jpgPlane	160	same	SameImage	757_1a.jpg	757_1a.jpgPlane	161	same	DiffImage	T6Texan_1.jpg	T6Texan_4.jpgPlane	162	same	DiffImage	F15_1.jpg	F15_2.jpgPlane	163	same	SameImage	CitationX_2a.jpg	CitationX_2b.jpgPlane	164	diff	DiffObj	767_2.jpg	HawkerSiddeley125_3.jpgPlane	165	diff	DiffObj	P180Avanti_2.jpg	VariEze_3.jpgPlane	166	same	DiffImage	LockheedU2_2.jpg	LockheedU2_1.jpgPlane	167	diff	DiffObj	CessnaCardinal_1.jpg	Ercoupe_2.jpgPlane	168	diff	DiffObj	HawkerBeechcraftPremierI_3.jpg	SeverskyP35_2.jpgPlane	169	same	DiffImage	777_1.jpg	777_2.jpgPlane	170	diff	DiffObj	MitsubishiZero_2.jpg	CACBoomerang_1.jpgPlane	171	same	SameImage	P38Lightning_2a.jpg	P38Lightning_2b.jpgPlane	172	diff	DiffObj	LockheedConstellation_1.jpg	P180Avanti_2.jpgPlane	173	diff	DiffObj	757_1.jpg	BoeingB17_2.jpgPlane	174	same	DiffImage	BeechcraftStarship_1.jpg	BeechcraftStarship_2.jpgPlane	175	diff	DiffObj	PiperArrow_2.jpg	RV3_2.jpgPlane	176	same	DiffImage	CitationX_1.jpg	CitationX_2.jpgPlane	177	same	SameImage	BeechcraftStarship_1a.jpg	BeechcraftStarship_1b.jpgPlane	178	same	DiffImage	StaggerwingBeechcraft_2.jpg	StaggerwingBeechcraft_1.jpgPlane	179	diff	DiffObj	HawkerSiddeley125_3.jpg	PittsSpecial_2.jpgPlane	180	diff	DiffObj	AeroncaL3B_2.jpg	StaggerwingBeechcraft_4.jpgPlane	181	diff	DiffObj	CitationX_1.jpg	StearmanPT13_3.jpgPlane	182	same	SameImage	SU47_4a.jpg	SU47_4b.jpgPlane	183	same	DiffImage	HawkerBeechcraftPremierI_3.jpg	HawkerBeechcraftPremierI_1.jpgPlane	184	diff	DiffObj	TBM700_1.jpg	C5Galaxy_2.jpgPlane	185	same	SameImage	747_1a.jpg	747_1b.jpgPlane	186	diff	DiffObj	787_2.jpg	CessnaMustang_2.jpgPlane	187	diff	DiffObj	AeroncaChamp_1.jpg	707_2.jpgPlane	188	diff	DiffObj	P180Avanti_1.jpg	Falcon50_3.jpgPlane	189	diff	DiffObj	RearwinSportster_1.jpg	VariEze_3.jpgPlane	190	diff	DiffObj	EmbraerPhenom100_2.jpg	DassaultFalcon7X_1.jpgPlane	191	diff	DiffObj	B24Liberator_3.jpg	LockheedConstellation_2.jpgPlane	192	same	SameImage	707_1a.jpg	707_1b.jpgPlane	193	same	DiffImage	767_1.jpg	767_2.jpgPlane	194	diff	DiffObj	Gulfstream1_2.jpg	BombardierChallenger_1.jpgPlane	195	same	DiffImage	MikoyanMiG29_1.jpg	MikoyanMiG29_2.jpgPlane	196	same	DiffImage	Cessna208Caravan_1.jpg	Cessna208Caravan_2.jpgPlane	197	diff	DiffObj	EmbraerPhenom100_1.jpg	LockheedConstellation_2.jpgPlane	198	diff	DiffObj	Extra300_2.jpg	PiperArrow_3.jpgPlane	199	diff	DiffObj	Ercoupe_1.jpg	LockheedU2_2.jpgPlane	200	diff	DiffObj	Eclipse500_2.jpg	Taylorcraft_3.jpgPlane	201	same	SameImage	767_1a.jpg	767_1b.jpgPlane	202	same	DiffImage	Cessna195_2.jpg	Cessna195_1.jpgPlane	203	same	SameImage	Fairchild22_2a.jpg	Fairchild22_2b.jpgPlane	204	diff	DiffObj	SupermarineSpitfire_2.jpg	Ercoupe_1.jpgPlane	205	diff	DiffObj	Extra300_1.jpg	RearwinSportster_2.jpgPlane	206	diff	DiffObj	StaggerwingBeechcraft_2.jpg	CurtisP6E_1.jpgPlane	207	diff	DiffObj	CACBoomerang_2.jpg	Cessna185_2.jpgPlane	208	same	SameImage	MitsubishiZero_1a.jpg	MitsubishiZero_1b.jpgPlane	209	same	DiffImage	DA40DiamondStar_2.jpg	DA40DiamondStar_1.jpgPlane	210	same	SameImage	PiperCherokeeSix_3a.jpg	PiperCherokeeSix_3b.jpgPlane	211	same	DiffImage	Cessna310_2.jpg	Cessna310_1.jpgPlane	212	diff	DiffObj	717_1.jpg	Eclipse500_4.jpgPlane	213	diff	DiffObj	Cessna195_1.jpg	CitationX_2.jpgPlane	214	diff	DiffObj	md11_1.jpg	PiperAztec_3.jpgPlane	215	diff	DiffObj	MiG21_3.jpg	747_1.jpgPlane	216	diff	DiffObj	StaggerwingBeechcraft_1.jpg	AeroncaChamp_2.jpgPlane	217	diff	DiffObj	BombardierChallenger_3.jpg	MitsubishiZero_2.jpgPlane	218	diff	DiffObj	F16_1.jpg	Cessna208Caravan_2.jpgPlane	219	diff	DiffObj	Falcon50_3.jpg	HawkerSiddeley125_4.jpgPlane	220	same	DiffImage	FordTriMotor_3.jpg	FordTriMotor_2.jpgPlane	221	diff	DiffObj	Gulfstream1_3.jpg	DassaultFalcon7X_2.jpgPlane	222	same	DiffImage	717_1.jpg	717_2.jpgPlane	223	diff	DiffObj	BoeingC17Globemsater_1.jpg	Cessna195_2.jpgPlane	224	same	DiffImage	SU47_1.jpg	SU47_4.jpgPlane	225	diff	DiffObj	DA40DiamondStar_1.jpg	FairchildFC2_2.jpgPlane	226	diff	DiffObj	727_1.jpg	B24Liberator_2.jpgPlane	227	diff	DiffObj	BeechBaron_1.jpg	C5Galaxy_2.jpgPlane	228	same	DiffImage	CitationX_2.jpg	CitationX_1.jpgPlane	229	diff	DiffObj	P38Lightning_1.jpg	BoeingB17_3.jpgPlane	230	diff	DiffObj	P38Lightning_2.jpg	LockheedU2_1.jpgPlane	231	same	SameImage	BAEHarrier_2a.jpg	BAEHarrier_2b.jpgPlane	232	diff	DiffObj	Cessna195_1.jpg	PiperAztec_3.jpgPlane	233	diff	DiffObj	C5Galaxy_1.jpg	Cessna208Caravan_2.jpgPlane	234	same	DiffImage	T6Texan_1.jpg	T6Texan_4.jpgPlane	235	same	SameImage	md11_1a.jpg	md11_1b.jpgPlane	236	same	SameImage	747_1a.jpg	747_1b.jpgPlane	237	diff	DiffObj	Cessna310_1.jpg	DHC2Beaver_2.jpgPlane	238	diff	DiffObj	DassaultFalcon7X_1.jpg	FordTriMotor_2.jpgPlane	239	same	DiffImage	BAEHarrier_1.jpg	BAEHarrier_2.jpgPlane	240	same	SameImage	AeroncaL3B_1a.jpg	AeroncaL3B_1b.jpgPlane	241	same	SameImage	777_2a.jpg	777_2b.jpgPlane	242	diff	DiffObj	PiperAztec_1.jpg	SU47_4.jpgPlane	243	diff	DiffObj	P180Avanti_1.jpg	StaggerwingBeechcraft_2.jpgPlane	244	diff	DiffObj	DHC2Beaver_2.jpg	RearwinSportster_1.jpgPlane	245	same	SameImage	AeroncaL3B_1a.jpg	AeroncaL3B_1b.jpgPlane	246	same	DiffImage	P38Lightning_1.jpg	P38Lightning_2.jpgPlane	247	diff	DiffObj	MiG21_3.jpg	HawkerSiddeley125_4.jpgPlane	248	same	SameImage	F16_2a.jpg	F16_2b.jpgPlane	249	same	DiffImage	Eclipse500_4.jpg	Eclipse500_2.jpgPlane	250	diff	DiffObj	Cessna310_2.jpg	Eclipse500_4.jpgPlane	251	same	SameImage	AeroncaChamp_2a.jpg	AeroncaChamp_2a.jpgPlane	252	diff	DiffObj	BeechcraftStarship_1.jpg	C141Starlifter_1.jpgPlane	253	same	SameImage	MiG21_4a.jpg	MiG21_4b.jpgPlane	254	diff	DiffObj	PiperMalibu_1.jpg	T6Texan_4.jpgPlane	255	diff	DiffObj	MitsubishiZero_1.jpg	Saab29_2.jpgPlane	256	same	SameImage	C5Galaxy_1a.jpg	C5Galaxy_1b.jpgPlane	257	same	SameImage	RearwinSportster_2a.jpg	RearwinSportster_2b.jpgPlane	258	same	DiffImage	StaggerwingBeechcraft_1.jpg	StaggerwingBeechcraft_2.jpgPlane	259	diff	DiffObj	BoeingB17_3.jpg	md11_2.jpgPlane	260	same	DiffImage	RearwinSportster_1.jpg	RearwinSportster_2.jpgPlane	261	diff	DiffObj	LavochkinLa9_2.jpg	MitsubishiZero_1.jpgPlane	262	diff	DiffObj	P38Lightning_1.jpg	RV3_2.jpgPlane	263	same	DiffImage	Cessna310_1.jpg	Cessna310_2.jpgPlane	264	same	DiffImage	Falcon50_3.jpg	Falcon50_2.jpgPlane	265	diff	DiffObj	RV3_2.jpg	PiperArrow_1.jpgPlane	266	same	DiffImage	PiperArrow_3.jpg	PiperArrow_2.jpgPlane	267	same	DiffImage	PiperArrow_3.jpg	PiperArrow_2.jpgPlane	268	same	DiffImage	LockheedConstellation_1.jpg	LockheedConstellation_2.jpgPlane	269	same	SameImage	BombardierChallenger_3a.jpg	BombardierChallenger_3b.jpgPlane	270	diff	DiffObj	Falcon50_2.jpg	MikoyanMiG29_2.jpgPlane	271	same	DiffImage	AeroncaL3B_1.jpg	AeroncaL3B_2.jpgPlane	272	diff	DiffObj	CitationX_1.jpg	F16_2.jpgPlane	273	diff	DiffObj	SupermarineSpitfire_2.jpg	BeechBaron_2.jpgPlane	274	diff	DiffObj	SU47_1.jpg	F22Raptor_2.jpgPlane	275	same	SameImage	EmbraerPhenom100_2a.jpg	EmbraerPhenom100_2b.jpgPlane	276	diff	DiffObj	Cessna185_2.jpg	Cessna208Caravan_2.jpgPlane	277	diff	DiffObj	LockheedConstellation_1.jpg	CACBoomerang_1.jpgPlane	278	same	SameImage	727_1a.jpg	727_1b.jpgPlane	279	diff	DiffObj	LockheedConstellation_2.jpg	C141Starlifter_3.jpgPlane	280	diff	DiffObj	AV8BHarrier_1.jpg	787_2.jpgPlane	281	same	DiffImage	SupermarineSpitfire_3.jpg	SupermarineSpitfire_2.jpgPlane	282	same	SameImage	CanadairCRJ_2a.jpg	CanadairCRJ_2b.jpgPlane	283	same	SameImage	CACBoomerang_1a.jpg	CACBoomerang_1b.jpgPlane	284	diff	DiffObj	CessnaCardinal_1.jpg	PittsSpecial_2.jpgPlane	285	diff	DiffObj	BAEHarrier_1.jpg	F22Raptor_3.jpgPlane	286	same	SameImage	Cessna185_1a.jpg	Cessna185_1b.jpgPlane	287	diff	DiffObj	T6Texan_4.jpg	MitsubishiZero_2.jpgPlane	288	same	DiffImage	DHC2Beaver_3.jpg	DHC2Beaver_2.jpgPlane	289	same	SameImage	BoeingC17Globemsater_2a.jpg	BoeingC17Globemsater_2b.jpgPlane	290	same	SameImage	Ercoupe_2a.jpg	Ercoupe_2b.jpgPlane	291	same	SameImage	CanadairCRJ_2a.jpg	CanadairCRJ_2b.jpgPlane	292	same	SameImage	B24Liberator_3a.jpg	B24Liberator_3b.jpgPlane	293	same	DiffImage	P180Avanti_1.jpg	P180Avanti_2.jpgPlane	294	diff	DiffObj	LockheedU2_1.jpg	CurtisP6E_1.jpgPlane	295	diff	DiffObj	BombardierChallenger_3.jpg	BeechBaron_1.jpgPlane	296	diff	DiffObj	BellX1_1.jpg	LockheedU2_2.jpgPlane	297	same	DiffImage	PittsSpecial_1.jpg	PittsSpecial_2.jpgPlane	298	diff	DiffObj	DassaultFalcon7X_1.jpg	SU47_4.jpgPlane	299	same	SameImage	DassaultFalcon7X_1a.jpg	DassaultFalcon7X_1b.jpgPlane	300	same	DiffImage	Cessna195_1.jpg	Cessna195_2.jpgPlane	301	same	SameImage	B24Liberator_3a.jpg	B24Liberator_3b.jpgPlane	302	diff	DiffObj	VariEze_1.jpg	Cessna310_2.jpgPlane	303	same	DiffImage	PiperMalibu_3.jpg	PiperMalibu_1.jpgPlane	304	diff	DiffObj	RV3_1.jpg	X35JointStrikeFighter_2.jpgPlane	305	diff	DiffObj	HawkerSiddeley125_4.jpg	Gulfstream1_2.jpgPlane	306	same	DiffImage	AeroncaChamp_1.jpg	AeroncaChamp_2.jpgPlane	307	diff	DiffObj	PiperCherokeeSix_3.jpg	SupermarineSpitfire_2.jpgPlane	308	diff	DiffObj	T6Texan_1.jpg	Extra300_1.jpgPlane	309	diff	DiffObj	AeroncaChamp_1.jpg	FordTriMotor_3.jpgPlane	310	diff	DiffObj	C5Galaxy_1.jpg	P38Lightning_2.jpgPlane	311	diff	DiffObj	MiG21_2.jpg	PiperCherokeeSix_4.jpgPlane	312	diff	DiffObj	F22Raptor_3.jpg	777_2.jpgPlane	313	same	SameImage	CessnaCardinal_2a.jpg	CessnaCardinal_2b.jpgPlane	314	same	DiffImage	SupermarineSpitfire_3.jpg	SupermarineSpitfire_2.jpgPlane	315	same	DiffImage	HawkerBeechcraftPremierI_1.jpg	HawkerBeechcraftPremierI_3.jpgPlane	316	diff	DiffObj	767_1.jpg	Cessna185_2.jpgPlane	317	diff	DiffObj	Ercoupe_2.jpg	SupermarineSpitfire_3.jpgPlane	318	diff	DiffObj	B24Liberator_3.jpg	737_2.jpgPlane	319	same	SameImage	PittsSpecial_1a.jpg	PittsSpecial_1b.jpgPlane	320	same	SameImage	DA40DiamondStar_3a.jpg	DA40DiamondStar_3b.jpgPlane	321	diff	DiffObj	B24Liberator_4.jpg	LockheedConstellation_2.jpgPlane	322	same	DiffImage	EmbraerPhenom100_2.jpg	EmbraerPhenom100_1.jpgPlane	323	same	DiffImage	CanadairCRJ_3.jpg	CanadairCRJ_2.jpgPlane	324	diff	DiffObj	PilatusPC12_1.jpg	PiperMalibu_1.jpgPlane	325	same	SameImage	LockheedConstellation_1a.jpg	LockheedConstellation_1b.jpgPlane	326	diff	DiffObj	717_1.jpg	AV8BHarrier_2.jpgPlane	327	same	SameImage	DassaultFalcon7X_1a.jpg	DassaultFalcon7X_1b.jpgPlane	328	same	SameImage	P180Avanti_1a.jpg	P180Avanti_1b.jpgPlane	329	same	DiffImage	PiperAztec_3.jpg	PiperAztec_1.jpgPlane	330	same	SameImage	717_1a.jpg	717_1b.jpgPlane	331	same	SameImage	TBM700_1a.jpg	TBM700_1b.jpgPlane	332	same	DiffImage	CurtisP6E_1.jpg	CurtisP6E_2.jpgPlane	333	diff	DiffObj	PittsSpecial_2.jpg	DHC2Beaver_3.jpgPlane	334	same	SameImage	PiperMalibu_3a.jpg	PiperMalibu_3b.jpgPlane	335	same	SameImage	SupermarineSpitfire_3a.jpg	SupermarineSpitfire_3b.jpgPlane	336	diff	DiffObj	DHC2Beaver_3.jpg	SupermarineSpitfire_3.jpgPlane	337	same	DiffImage	Eclipse500_2.jpg	Eclipse500_4.jpgPlane	338	same	SameImage	RV3_2a.jpg	RV3_2b.jpgPlane	339	diff	DiffObj	CurtisP6E_1.jpg	DA40DiamondStar_2.jpgPlane	340	diff	DiffObj	LockheedU2_2.jpg	C141Starlifter_1.jpgPlane	341	same	DiffImage	PiperAztec_1.jpg	PiperAztec_3.jpgPlane	342	diff	DiffObj	LavochkinLa9_1.jpg	PilatusPC12_2.jpgPlane	343	diff	DiffObj	737_2.jpg	707_2.jpgPlane	344	diff	DiffObj	747_2.jpg	CanadairCRJ_3.jpgPlane	345	diff	DiffObj	DHC2Beaver_3.jpg	Cessna185_2.jpgPlane	346	diff	DiffObj	F15_2.jpg	BAEHarrier_1.jpgPlane	347	diff	DiffObj	C141Starlifter_1.jpg	Cessna310_2.jpgPlane	348	diff	DiffObj	PiperArrow_2.jpg	StearmanPT13_2.jpgPlane	349	diff	DiffObj	SeverskyP35_1.jpg	717_2.jpgPlane	350	same	DiffImage	Cessna208Caravan_2.jpg	Cessna208Caravan_1.jpgPlane	351	same	SameImage	C141Starlifter_3a.jpg	C141Starlifter_3b.jpgPlane	352	diff	DiffObj	P180Avanti_1.jpg	RearwinSportster_2.jpgPlane	353	diff	DiffObj	Falcon50_3.jpg	Saab29_2.jpgPlane	354	same	SameImage	F15_1a.jpg	F15_1b.jpgPlane	355	same	SameImage	PiperAztec_3a.jpg	PiperAztec_3b.jpgPlane	356	diff	DiffObj	707_2.jpg	717_2.jpgPlane	357	diff	DiffObj	X35JointStrikeFighter_1.jpg	MiG21_3.jpgPlane	358	same	DiffImage	737_1.jpg	737_2.jpgPlane	359	diff	DiffObj	Taylorcraft_1.jpg	BombardierChallenger_3.jpgPlane	360	diff	DiffObj	LockheedU2_1.jpg	PiperArrow_2.jpg